prevalence,auc,ap,alert_fraction,alert_budget,precision_at_budget,recall_at_budget,target_fpr,tpr_at_fpr,threshold,precision,recall,f1,mcc,observed_fpr,svdd_auc,svdd_ap,mean_svdd_loss,ssl_auc,ssl_ap,num_graphs,mean_inference_seconds,dataset,run_name,seed,epochs_completed,training_seconds,peak_process_memory_mb,peak_gpu_memory_mb,parameters,device,threshold_source,checkpoint_selection,evaluation_split,max_train_graphs_per_epoch,max_evaluation_graphs,evaluation_sampling,experimental_stage,search,trial_index,trial_id,training.learning_rate,model.deviation_weight,ssl.loss_weight
0.34575,0.7759573576296703,0.6755086485569279,0.01,40.0,0.95,0.0274765003615329,0.01,0.2111352133044107,0.0018683309934567,0.913312693498452,0.2133044107013738,0.3458382180539273,0.3536839296988263,0.0106992739778372,0.77599976901681,0.6755341438702851,0.0007760747764841,0.2373059402742676,0.2500039703454291,4000,0.0005316537721082,TraceLog,trial_0000_57ad1324,11,8,96.91935052536428,3735.60546875,2668.5869140625,8570625,cuda,normal_train_scores,auc_ap_mean,validation,2000,4000,seeded_stratified,hyperparameter_screening_validation_only,tracelog_core_grid,0,trial_0000_57ad1324,3e-05,0.0,0.0
0.34575,0.801725798086984,0.7256874036471468,0.01,40.0,0.95,0.0274765003615329,0.01,0.25234996384671,0.001930550893303,0.928191489361702,0.25234996384671,0.39681637293917,0.3944565497088456,0.0103171570500573,0.8014108210098552,0.7241936669078906,0.0008850353939415,0.5716082425632946,0.5913915787436438,4000,0.0007599071948789,TraceLog,trial_0001_eb490045,11,8,105.2231623120606,3737.49609375,2668.736328125,8570625,cuda,normal_train_scores,auc_ap_mean,validation,2000,4000,seeded_stratified,hyperparameter_screening_validation_only,tracelog_core_grid,1,trial_0001_eb490045,3e-05,0.0,0.001
0.34575,0.7973248223211544,0.7395901378265349,0.01,40.0,1.0,0.0289226319595083,0.01,0.3246565437454808,0.0039697177708148,0.951271186440678,0.3246565437454808,0.4840970350404313,0.4656751833310772,0.0087886893389377,0.7978379034020564,0.738958303034259,0.0043041867128777,0.5139819429720187,0.5521028143379806,4000,0.0006905647357925,TraceLog,trial_0002_73f81776,11,8,105.15950547158718,3739.29296875,2668.736328125,8570625,cuda,normal_train_scores,auc_ap_mean,validation,2000,4000,seeded_stratified,hyperparameter_screening_validation_only,tracelog_core_grid,2,trial_0002_73f81776,3e-05,0.0,0.01
0.34575,0.7707361981327386,0.6937353754626063,0.01,40.0,1.0,0.0289226319595083,0.01,0.3246565437454808,0.0164560359157621,0.9472573839662448,0.3246565437454808,0.4835756596661281,0.4636988510621557,0.0095529231944975,0.771446001739005,0.6942810997180087,0.008204769590171,0.5380528227610172,0.5734932639104335,4000,0.0009005666049197,TraceLog,trial_0003_3725ba6b,11,5,64.92782236635685,3739.640625,2668.736328125,8570625,cuda,normal_train_scores,auc_ap_mean,validation,2000,4000,seeded_stratified,hyperparameter_screening_validation_only,tracelog_core_grid,3,trial_0003_3725ba6b,3e-05,0.0,0.1
0.34575,0.6623751039907871,0.5854745107269633,0.01,40.0,0.95,0.0274765003615329,0.01,0.1952277657266811,0.0180994551628828,0.9147058823529411,0.2248734634851771,0.3609982588508416,0.3646066183083921,0.0110813909056171,0.6624597886172258,0.5849943193958099,0.0071419864998315,0.5339840925524223,0.5263803001790461,4000,0.0013556136819534,TraceLog,trial_0004_6d391630,11,4,51.86745286546648,3739.6796875,2668.736328125,8570625,cuda,normal_train_scores,auc_ap_mean,validation,2000,4000,seeded_stratified,hyperparameter_screening_validation_only,tracelog_core_grid,4,trial_0004_6d391630,3e-05,0.0,0.5
0.34575,0.7819819849689623,0.6861589362848312,0.01,40.0,0.95,0.0274765003615329,0.01,0.2133044107013738,0.0018991188821382,0.91875,0.2125813449023861,0.3452730475631239,0.3552652601119251,0.0099350401222774,0.7819899975437314,0.6861681985251707,0.0007803849590782,0.2167031238818659,0.2406357507369198,4000,0.0009624582775868,TraceLog,trial_0005_79cb8c57,11,8,112.7579969856888,3739.7265625,2668.736328125,8570625,cuda,normal_train_scores,auc_ap_mean,validation,2000,4000,seeded_stratified,hyperparameter_screening_validation_only,tracelog_core_grid,5,trial_0005_79cb8c57,3e-05,0.25,0.0
0.34575,0.7932531910079018,0.7045382066579468,0.01,40.0,0.95,0.0274765003615329,0.01,0.2357194504699927,0.0018362956005148,0.9232876712328768,0.2436731742588575,0.3855835240274599,0.3847880551703115,0.0106992739778372,0.7919943878821135,0.7021061886015341,0.0008734132470344,0.57861330512907,0.5902110826017004,4000,0.0008958768481388,TraceLog,trial_0006_f9904edc,11,8,114.59600322879852,3740.1328125,2668.736328125,8570625,cuda,normal_train_scores,auc_ap_mean,validation,2000,4000,seeded_stratified,hyperparameter_screening_validation_only,tracelog_core_grid,6,trial_0006_f9904edc,3e-05,0.25,0.001
0.34575,0.7996668426670159,0.7291687439104204,0.01,40.0,0.95,0.0274765003615329,0.01,0.3246565437454808,0.0045211479580029,0.9532908704883228,0.3246565437454808,0.4843581445523193,0.4666670776674781,0.0084065724111578,0.7995871313628478,0.7288931461790935,0.0025297028831118,0.5332264897932231,0.5644439491908182,4000,0.0004783629341982,TraceLog,trial_0007_1b0235cd,11,8,115.35698750428855,3740.21484375,2668.736328125,8570625,cuda,normal_train_scores,auc_ap_mean,validation,2000,4000,seeded_stratified,hyperparameter_screening_validation_only,tracelog_core_grid,7,trial_0007_1b0235cd,3e-05,0.25,0.01
0.34575,0.7699255466026546,0.6903957707514532,0.01,40.0,1.0,0.0289226319595083,0.01,0.3246565437454808,0.0137662142515182,0.9532908704883228,0.3246565437454808,0.4843581445523193,0.4666670776674781,0.0084065724111578,0.7701273805981305,0.6900454363985176,0.016111308824431,0.5742699370128734,0.59002369665119,4000,0.0009378381865099,TraceLog,trial_0008_50864d3e,11,6,86.83209811151028,3740.12890625,2668.736328125,8570625,cuda,normal_train_scores,auc_ap_mean,validation,2000,4000,seeded_stratified,hyperparameter_screening_validation_only,tracelog_core_grid,8,trial_0008_50864d3e,3e-05,0.25,0.1
0.34575,0.631000624151945,0.6196390859517286,0.01,40.0,1.0,0.0289226319595083,0.01,0.339117859725235,0.0315986312925815,0.9531914893617022,0.3239334779464931,0.4835402050728548,0.4660291343153106,0.0084065724111578,0.628433008381982,0.6181721977965059,0.0368294231555773,0.7446145136463819,0.681142425891224,4000,0.0009622744796797,TraceLog,trial_0009_13cb7880,11,7,102.73533477447928,3755.75390625,2668.736328125,8570625,cuda,normal_train_scores,auc_ap_mean,validation,2000,4000,seeded_stratified,hyperparameter_screening_validation_only,tracelog_core_grid,9,trial_0009_13cb7880,3e-05,0.25,0.5
0.34575,0.7822321707087343,0.6835488429428931,0.01,40.0,0.95,0.0274765003615329,0.01,0.2133044107013738,0.001838753700722,0.921875,0.2133044107013738,0.3464474456840869,0.357202788799272,0.0095529231944975,0.7823020735162024,0.6836256219273544,0.000787612935077,0.2196126555579224,0.2413900040063431,4000,0.0009202124825678,TraceLog,trial_0010_b62f6ca8,11,8,116.30702370777726,3755.94921875,2668.736328125,8570625,cuda,normal_train_scores,auc_ap_mean,validation,2000,4000,seeded_stratified,hyperparameter_screening_validation_only,tracelog_core_grid,10,trial_0010_b62f6ca8,3e-05,0.5,0.0
0.34575,0.797302994962301,0.7133705106114056,0.01,40.0,0.95,0.0274765003615329,0.01,0.2443962400578452,0.00180138312513,0.926027397260274,0.2443962400578452,0.3867276887871853,0.386613414627005,0.0103171570500573,0.796663508607025,0.7098632164558767,0.000888591418552,0.577502320192987,0.598194680111908,4000,0.001082426154986,TraceLog,trial_0011_a9be6f62,11,8,118.87017659656703,3755.8515625,2668.736328125,8570625,cuda,normal_train_scores,auc_ap_mean,validation,2000,4000,seeded_stratified,hyperparameter_screening_validation_only,tracelog_core_grid,11,trial_0011_a9be6f62,3e-05,0.5,0.001
0.34575,0.7999551572108614,0.7429716619634219,0.01,40.0,1.0,0.0289226319595083,0.01,0.3246565437454808,0.0030696054571308,0.949260042283298,0.3246565437454808,0.4838362068965517,0.4646857787769555,0.0091708062667176,0.799995081936866,0.742164482554933,0.0053728609438767,0.5150740016539059,0.5627232159370925,4000,0.0016867020591162,TraceLog,trial_0012_3e999d5e,11,8,119.44996736571191,3756.515625,2668.736328125,8570625,cuda,normal_train_scores,auc_ap_mean,validation,2000,4000,seeded_stratified,hyperparameter_screening_validation_only,tracelog_core_grid,12,trial_0012_3e999d5e,3e-05,0.5,0.01
0.34575,0.7713448775195058,0.6911516603002754,0.01,40.0,0.95,0.0274765003615329,0.01,0.3246565437454808,0.0174168236553668,0.951271186440678,0.3246565437454808,0.4840970350404313,0.4656751833310772,0.0087886893389377,0.7721220972721051,0.6913976812103806,0.0050522613272041,0.5371384222024579,0.5752212670396406,4000,0.0004960705973207,TraceLog,trial_0013_fc96842a,11,5,74.48143970407546,3756.51953125,2668.736328125,8570625,cuda,normal_train_scores,auc_ap_mean,validation,2000,4000,seeded_stratified,hyperparameter_screening_validation_only,tracelog_core_grid,13,trial_0013_fc96842a,3e-05,0.5,0.1
0.34575,0.7058369673122868,0.6555811491262351,0.01,40.0,1.0,0.0289226319595083,0.01,0.3246565437454808,0.0381041020154953,0.9572649572649572,0.3239334779464931,0.4840626688276607,0.468022468737756,0.007642338555598,0.7037864389106103,0.6547307658236836,0.0415207600489375,0.7146043818837342,0.6510546807364429,4000,0.0007265823241323,TraceLog,trial_0014_d93c0fb8,11,6,80.76007164642215,3740.6875,2668.736328125,8570625,cuda,normal_train_scores,auc_ap_mean,validation,2000,4000,seeded_stratified,hyperparameter_screening_validation_only,tracelog_core_grid,14,trial_0014_d93c0fb8,3e-05,0.5,0.5
0.34575,0.7758229397805273,0.6833384505419622,0.01,40.0,0.95,0.0274765003615329,0.01,0.2024584237165582,0.0020912378281354,0.9178885630498532,0.2263195950831525,0.3631090487238979,0.3672351520964126,0.0106992739778372,0.7759239258521857,0.6834099075061187,0.0008600824114691,0.255325530190691,0.25084993947725,4000,0.0009086110116913,TraceLog,trial_0015_c1bcc46f,11,8,115.11125470139086,3740.65625,2668.736328125,8570625,cuda,normal_train_scores,auc_ap_mean,validation,2000,4000,seeded_stratified,hyperparameter_screening_validation_only,tracelog_core_grid,15,trial_0015_c1bcc46f,3e-05,1.0,0.0
0.34575,0.8011763841239397,0.723783876328582,0.01,40.0,0.95,0.0274765003615329,0.01,0.2443962400578452,0.0018002308788709,0.931129476584022,0.2443962400578452,0.3871706758304696,0.3888357556569879,0.0095529231944975,0.8010332629608232,0.7203146513886143,0.000887881061637,0.5633302857919642,0.5896557789319163,4000,0.000504876603838,TraceLog,trial_0016_d6eff700,11,8,106.16599634476006,3756.125,2668.736328125,8570625,cuda,normal_train_scores,auc_ap_mean,validation,2000,4000,seeded_stratified,hyperparameter_screening_validation_only,tracelog_core_grid,16,trial_0016_d6eff700,3e-05,1.0,0.001
0.34575,0.8073243774851069,0.7383547876780937,0.01,40.0,1.0,0.0289226319595083,0.01,0.3246565437454808,0.003702908551786,0.951271186440678,0.3246565437454808,0.4840970350404313,0.4656751833310772,0.0087886893389377,0.8072385876759415,0.7380092815897733,0.004182024363632,0.5241579129287315,0.5571254805214957,4000,0.0004900255105458,TraceLog,trial_0017_ecdf0c05,11,8,98.51675810478628,3756.37109375,2668.736328125,8570625,cuda,normal_train_scores,auc_ap_mean,validation,2000,4000,seeded_stratified,hyperparameter_screening_validation_only,tracelog_core_grid,17,trial_0017_ecdf0c05,3e-05,1.0,0.01
0.34575,0.7647484562669524,0.6942414334052684,0.01,40.0,1.0,0.0289226319595083,0.01,0.3080260303687636,0.0067302366578951,0.9409190371991248,0.3109182935647144,0.4673913043478261,0.4494277592161394,0.0103171570500573,0.7639524484079981,0.6944644737603379,0.0061686243047224,0.7205048143141057,0.6696577225945868,4000,0.0004436566201038,TraceLog,trial_0018_17464335,11,8,101.97209299728274,3741.1640625,2668.736328125,8570625,cuda,normal_train_scores,auc_ap_mean,validation,2000,4000,seeded_stratified,hyperparameter_screening_validation_only,tracelog_core_grid,18,trial_0018_17464335,3e-05,1.0,0.1
0.34575,0.6786031927071202,0.6499844793541742,0.01,40.0,1.0,0.0289226319595083,0.01,0.339117859725235,0.0228942520916461,0.9591002044989776,0.339117859725235,0.5010683760683761,0.4812764035178579,0.007642338555598,0.67106501762352,0.6427584848838102,0.0376406197904434,0.7470211871817591,0.6800347555259589,4000,0.0004296866194345,TraceLog,trial_0019_c55612ed,11,8,97.06682770140468,3756.29296875,2668.736328125,8570625,cuda,normal_train_scores,auc_ap_mean,validation,2000,4000,seeded_stratified,hyperparameter_screening_validation_only,tracelog_core_grid,19,trial_0019_c55612ed,3e-05,1.0,0.5
0.34575,0.783887872581273,0.6881235370973655,0.01,40.0,0.95,0.0274765003615329,0.01,0.2133044107013738,0.0018090371298603,0.9161490683229814,0.2133044107013738,0.3460410557184751,0.3548525421358938,0.0103171570500573,0.7839260013853466,0.6881386165190143,0.0007813017764492,0.2268115395444049,0.2431348351687882,4000,0.0004408767567947,TraceLog,trial_0020_d027b915,11,8,97.14222196489573,3756.29296875,2668.736328125,8570625,cuda,normal_train_scores,auc_ap_mean,validation,2000,4000,seeded_stratified,hyperparameter_screening_validation_only,tracelog_core_grid,20,trial_0020_d027b915,3e-05,2.0,0.0
0.34575,0.7915020289773385,0.7027424705627923,0.01,40.0,0.95,0.0274765003615329,0.01,0.2443962400578452,0.0017360875720623,0.9335180055401662,0.2436731742588575,0.3864678899082568,0.3892382893149771,0.0091708062667176,0.7913898529305716,0.7002865996457976,0.0008588690883188,0.5731170932810139,0.5924844237768194,4000,0.0004439841420389,TraceLog,trial_0021_bdb9f878,11,8,104.28863382339478,3756.5546875,2668.736328125,8570625,cuda,normal_train_scores,auc_ap_mean,validation,2000,4000,seeded_stratified,hyperparameter_screening_validation_only,tracelog_core_grid,21,trial_0021_bdb9f878,3e-05,2.0,0.001
0.34575,0.8012942242321812,0.750684397865357,0.01,40.0,1.0,0.0289226319595083,0.01,0.3246565437454808,0.0034595298627391,0.951271186440678,0.3246565437454808,0.4840970350404313,0.4656751833310772,0.0087886893389377,0.8067626683642274,0.7565742015098904,0.0035171550961094,0.4996781155308289,0.5554423650916729,4000,0.0004991494850255,TraceLog,trial_0022_a55d18b5,11,8,109.64476002380252,3756.234375,2668.736328125,8570625,cuda,normal_train_scores,auc_ap_mean,validation,2000,4000,seeded_stratified,hyperparameter_screening_validation_only,tracelog_core_grid,22,trial_0022_a55d18b5,3e-05,2.0,0.01
0.34575,0.7737793187708931,0.6898593904305554,0.01,40.0,1.0,0.0289226319595083,0.01,0.3246565437454808,0.0132857067510485,0.9452631578947368,0.3246565437454808,0.4833153928955866,0.4627143873374893,0.0099350401222774,0.7741425094444772,0.6898758925372053,0.0070617779036401,0.5809550491792499,0.5944418313951756,4000,0.0006430362029932,TraceLog,trial_0023_f098bcac,11,6,79.85231743380427,3756.02734375,2668.736328125,8570625,cuda,normal_train_scores,auc_ap_mean,validation,2000,4000,seeded_stratified,hyperparameter_screening_validation_only,tracelog_core_grid,23,trial_0023_f098bcac,3e-05,2.0,0.1
0.34575,0.7616184406369058,0.7225717302782625,0.01,40.0,1.0,0.0289226319595083,0.01,0.346348517715112,0.0346784283220767,0.9590163934426228,0.3383947939262473,0.5002672367717798,0.4806499081450337,0.007642338555598,0.7594608476585736,0.7213451753756396,0.0436942912963859,0.7522435900092587,0.7138565694978678,4000,0.0009697410194203,TraceLog,trial_0024_c68b583a,11,8,106.7027376294136,3755.48046875,2668.736328125,8570625,cuda,normal_train_scores,auc_ap_mean,validation,2000,4000,seeded_stratified,hyperparameter_screening_validation_only,tracelog_core_grid,24,trial_0024_c68b583a,3e-05,2.0,0.5
0.34575,0.7920747899254859,0.6962212842709383,0.01,40.0,0.95,0.0274765003615329,0.01,0.2169197396963123,0.0016385851800441,0.9274447949526814,0.2125813449023861,0.3458823529411765,0.3588153298494035,0.0087886893389377,0.7921872422679344,0.6962293330271414,0.0006378987663192,0.2406225936372972,0.2318677103291805,4000,0.0006777467583306,TraceLog,trial_0025_fc7bcdd9,11,7,94.88260339573026,3755.7578125,2668.736328125,8570625,cuda,normal_train_scores,auc_ap_mean,validation,2000,4000,seeded_stratified,hyperparameter_screening_validation_only,tracelog_core_grid,25,trial_0025_fc7bcdd9,0.0001,0.0,0.0
0.34575,0.8176494089620925,0.7502143010689786,0.01,40.0,0.95,0.0274765003615329,0.01,0.3239334779464931,0.0017937725386582,0.948936170212766,0.3224873463485177,0.4813815434430653,0.4627644532983818,0.0091708062667176,0.8175241088704452,0.7493399160409449,0.0011759835702032,0.5672644600035753,0.5867735428704174,4000,0.0009523013909347,TraceLog,trial_0026_ed6f8c23,11,7,98.23595179244876,3755.88671875,2668.736328125,8570625,cuda,normal_train_scores,auc_ap_mean,validation,2000,4000,seeded_stratified,hyperparameter_screening_validation_only,tracelog_core_grid,26,trial_0026_ed6f8c23,0.0001,0.0,0.001
0.34575,0.8016814526300724,0.7236847883726107,0.01,40.0,0.95,0.0274765003615329,0.01,0.2096890817064353,0.0024811414489522,0.9214092140921408,0.2458423716558206,0.3881278538812785,0.3858447176800104,0.0110813909056171,0.8016125168574902,0.7229864141461957,0.0011834557088441,0.5641637317157879,0.5690813970110244,4000,0.0008964213882572,TraceLog,trial_0027_d51777d5,11,4,54.58199771679938,3754.734375,2668.736328125,8570625,cuda,normal_train_scores,auc_ap_mean,validation,2000,4000,seeded_stratified,hyperparameter_screening_validation_only,tracelog_core_grid,27,trial_0027_d51777d5,0.0001,0.0,0.01
0.34575,0.8007946816396823,0.7300678915980297,0.01,40.0,1.0,0.0289226319595083,0.01,0.3246565437454808,0.009253108119592,0.9472573839662448,0.3246565437454808,0.4835756596661281,0.4636988510621557,0.0095529231944975,0.8000012985897038,0.7296715032442732,0.0174162792408315,0.5796049303306625,0.5923679583060726,4000,0.0005517949294298,TraceLog,trial_0028_7497457b,11,4,53.746837547048926,3754.43359375,2668.736328125,8570625,cuda,normal_train_scores,auc_ap_mean,validation,2000,4000,seeded_stratified,hyperparameter_screening_validation_only,tracelog_core_grid,28,trial_0028_7497457b,0.0001,0.0,0.1
0.34575,0.7541961715917753,0.6794328875393358,0.01,40.0,1.0,0.0289226319595083,0.01,0.339117859725235,0.0188720170408487,0.9551020408163264,0.3383947939262473,0.4997330485851575,0.478695992513529,0.0084065724111578,0.7532750017890146,0.67959681182389,0.0349826452374109,0.771510654928521,0.685118692881511,4000,0.000970525661949,TraceLog,trial_0029_4473d060,11,8,119.84500824660064,3754.12890625,2668.736328125,8570625,cuda,normal_train_scores,auc_ap_mean,validation,2000,4000,seeded_stratified,hyperparameter_screening_validation_only,tracelog_core_grid,29,trial_0029_4473d060,0.0001,0.0,0.5
0.34575,0.7968681055593179,0.7060492461616572,0.01,40.0,0.95,0.0274765003615329,0.01,0.2234273318872017,0.0016262406879104,0.927710843373494,0.222704266088214,0.3591836734693877,0.3681248904496534,0.0091708062667176,0.7968790192387445,0.7060521046764533,0.0006456032609567,0.2622897009955762,0.2378483820608367,4000,0.0007492853906005,TraceLog,trial_0030_3d184a69,11,7,106.65255628526212,3754.44140625,2668.736328125,8570625,cuda,normal_train_scores,auc_ap_mean,validation,2000,4000,seeded_stratified,hyperparameter_screening_validation_only,tracelog_core_grid,30,trial_0030_3d184a69,0.0001,0.25,0.0
0.34575,0.8152081984665037,0.7407202136483115,0.01,40.0,0.95,0.0274765003615329,0.01,0.2646420824295011,0.0016347711766138,0.9230769230769232,0.2689804772234273,0.4165733482642777,0.4063040533964193,0.0118456247611769,0.8139004910050559,0.7368671473576318,0.000802765628221,0.5753755341831637,0.5951575261075719,4000,0.001461102026049,TraceLog,trial_0031_928d3a77,11,6,95.02380696497858,3754.12890625,2668.736328125,8570625,cuda,normal_train_scores,auc_ap_mean,validation,2000,4000,seeded_stratified,hyperparameter_screening_validation_only,tracelog_core_grid,31,trial_0031_928d3a77,0.0001,0.25,0.001
0.34575,0.8031781463377975,0.7470859879735138,0.01,40.0,1.0,0.0289226319595083,0.01,0.3246565437454808,0.0025888423738069,0.9532908704883228,0.3246565437454808,0.4843581445523193,0.4666670776674781,0.0084065724111578,0.801359844456583,0.7438701800527364,0.0034372945249342,0.5500233331703189,0.5846731420572416,4000,0.0003459425638429,TraceLog,trial_0032_91c4f3c7,11,6,64.2207902725786,3693.54296875,2668.5869140625,8570625,cuda,normal_train_scores,auc_ap_mean,validation,2000,4000,seeded_stratified,hyperparameter_screening_validation_only,tracelog_core_grid,32,trial_0032_91c4f3c7,0.0001,0.25,0.01
0.34575,0.8005507125527482,0.7324055939067634,0.01,40.0,1.0,0.0289226319595083,0.01,0.3246565437454808,0.0106815779581666,0.9472573839662448,0.3246565437454808,0.4835756596661281,0.4636988510621557,0.0095529231944975,0.7991065150245447,0.731585372596069,0.0116473324393446,0.5615509416018685,0.5858874547628743,4000,0.0004006960322149,TraceLog,trial_0033_3d0dd3e3,11,4,46.990571258589625,3726.703125,2668.736328125,8570625,cuda,normal_train_scores,auc_ap_mean,validation,2000,4000,seeded_stratified,hyperparameter_screening_validation_only,tracelog_core_grid,33,trial_0033_3d0dd3e3,0.0001,0.25,0.1
0.34575,0.7673598649024636,0.6849301986111788,0.01,40.0,1.0,0.0289226319595083,0.01,0.339117859725235,0.0274222130514681,0.9616204690831556,0.3261026753434562,0.4870410367170626,0.4719260847531528,0.0068781047000382,0.7682771665656806,0.6859915808715537,0.029991237477865,0.7570704755684162,0.6804805205143245,4000,0.000533169443719,TraceLog,trial_0034_172d5132,11,6,78.08477805927396,3728.65234375,2668.736328125,8570625,cuda,normal_train_scores,auc_ap_mean,validation,2000,4000,seeded_stratified,hyperparameter_screening_validation_only,tracelog_core_grid,34,trial_0034_172d5132,0.0001,0.25,0.5
0.34575,0.7942662291248253,0.7033241396317612,0.01,40.0,0.95,0.0274765003615329,0.01,0.2198120028922632,0.0017569422884844,0.9080118694362018,0.2212581344902386,0.3558139534883721,0.3585767802683639,0.0118456247611769,0.7942811490916365,0.7031967232448777,0.0006573116868421,0.2527371922446012,0.2380814165611952,4000,0.0008886964917182,TraceLog,trial_0035_b1779f36,11,7,94.9594221189618,3728.921875,2668.736328125,8570625,cuda,normal_train_scores,auc_ap_mean,validation,2000,4000,seeded_stratified,hyperparameter_screening_validation_only,tracelog_core_grid,35,trial_0035_b1779f36,0.0001,0.5,0.0
0.34575,0.813878939941884,0.748478901583892,0.01,40.0,0.95,0.0274765003615329,0.01,0.2812725958062184,0.0015006003726739,0.949874686716792,0.2740419378163413,0.425364758698092,0.4228131734780988,0.007642338555598,0.8143232233980446,0.7490001454122929,0.0008977820096661,0.5667682329592566,0.5855528961848017,4000,0.0004669463010504,TraceLog,trial_0036_595b8045,11,7,98.69601087272169,3728.67578125,2668.736328125,8570625,cuda,normal_train_scores,auc_ap_mean,validation,2000,4000,seeded_stratified,hyperparameter_screening_validation_only,tracelog_core_grid,36,trial_0036_595b8045,0.0001,0.5,0.001
0.34575,0.8088231434104447,0.7642275337144897,0.01,40.0,1.0,0.0289226319595083,0.01,0.3398409255242227,0.0019643420935608,0.9494949494949496,0.3398409255242227,0.5005324813631523,0.4770447701594558,0.0095529231944975,0.8082922412580738,0.7615814702680676,0.0025321902365431,0.659955859001893,0.6323046896223808,4000,0.0004596093916334,TraceLog,trial_0037_3977e51c,11,7,97.1563013959676,3728.984375,2668.736328125,8570625,cuda,normal_train_scores,auc_ap_mean,validation,2000,4000,seeded_stratified,hyperparameter_screening_validation_only,tracelog_core_grid,37,trial_0037_3977e51c,0.0001,0.5,0.01
0.34575,0.8099603764362886,0.7398983282706882,0.01,40.0,1.0,0.0289226319595083,0.01,0.3246565437454808,0.0117430593818426,0.949260042283298,0.3246565437454808,0.4838362068965517,0.4646857787769555,0.0091708062667176,0.8090625536186307,0.739150256693195,0.0114230290950217,0.5559925632254316,0.5835971742765194,4000,0.0005034693470224,TraceLog,trial_0038_b5db763e,11,4,50.693939317017794,3728.6796875,2668.736328125,8570625,cuda,normal_train_scores,auc_ap_mean,validation,2000,4000,seeded_stratified,hyperparameter_screening_validation_only,tracelog_core_grid,38,trial_0038_b5db763e,0.0001,0.5,0.1
0.34575,0.7682292292649071,0.6856416627472779,0.01,40.0,1.0,0.0289226319595083,0.01,0.3347794649313087,0.015279244352132,0.9638297872340426,0.3275488069414317,0.4889368591473286,0.4741908368576325,0.0064959877722583,0.7680546103940777,0.6857277801527228,0.0265543893602734,0.7672988035568096,0.6951915542400415,4000,0.0005228306441567,TraceLog,trial_0039_a81795b6,11,8,94.92424522340298,3728.6796875,2668.736328125,8570625,cuda,normal_train_scores,auc_ap_mean,validation,2000,4000,seeded_stratified,hyperparameter_screening_validation_only,tracelog_core_grid,39,trial_0039_a81795b6,0.0001,0.5,0.5
0.34575,0.796893939205556,0.700095994676124,0.01,40.0,0.95,0.0274765003615329,0.01,0.2118582791033984,0.0013651491724886,0.9177215189873418,0.2096890817064353,0.3413772807533843,0.3522128320097145,0.0099350401222774,0.7968798481257897,0.7000294819186772,0.0005435111069964,0.2213598113011012,0.2363030612085926,4000,0.0005314933401532,TraceLog,trial_0040_e8a288b9,11,8,94.64153872430325,3729.078125,2668.736328125,8570625,cuda,normal_train_scores,auc_ap_mean,validation,2000,4000,seeded_stratified,hyperparameter_screening_validation_only,tracelog_core_grid,40,trial_0040_e8a288b9,0.0001,1.0,0.0
0.34575,0.8137146821591181,0.7437065093244369,0.01,40.0,0.95,0.0274765003615329,0.01,0.2740419378163413,0.0014936921012122,0.9462915601023018,0.2675343456254519,0.4171364148816234,0.415609097475038,0.0080244554833779,0.8144695219615005,0.7431463672971479,0.0008531696836398,0.53942504526414,0.5786032080284732,4000,0.0004143166155554,TraceLog,trial_0041_4e732ed8,11,7,80.80602589063346,3729.9609375,2668.736328125,8570625,cuda,normal_train_scores,auc_ap_mean,validation,2000,4000,seeded_stratified,hyperparameter_screening_validation_only,tracelog_core_grid,41,trial_0041_4e732ed8,0.0001,1.0,0.001
0.34575,0.826744095768504,0.7676320580538806,0.01,40.0,1.0,0.0289226319595083,0.01,0.3246565437454808,0.0041930200578644,0.949260042283298,0.3246565437454808,0.4838362068965517,0.4646857787769555,0.0091708062667176,0.8292069954751057,0.7694517077100946,0.0038759131943661,0.5100664187189219,0.5544987518374549,4000,0.0004593775332905,TraceLog,trial_0042_f3e1d4ed,11,5,58.92104059271514,3714.16015625,2668.736328125,8570625,cuda,normal_train_scores,auc_ap_mean,validation,2000,4000,seeded_stratified,hyperparameter_screening_validation_only,tracelog_core_grid,42,trial_0042_f3e1d4ed,0.0001,1.0,0.01
0.34575,0.7872747050474524,0.7263055173978052,0.01,40.0,1.0,0.0289226319595083,0.01,0.3449023861171366,0.0104574927873908,0.955193482688391,0.339117859725235,0.5005336179295624,0.4793244018943885,0.0084065724111578,0.7865841039910635,0.7254641041028338,0.0148200522750266,0.780965355008177,0.7204972911285459,4000,0.0004540855912491,TraceLog,trial_0043_07610064,11,6,69.20760251767933,3714.2734375,2668.736328125,8570625,cuda,normal_train_scores,auc_ap_mean,validation,2000,4000,seeded_stratified,hyperparameter_screening_validation_only,tracelog_core_grid,43,trial_0043_07610064,0.0001,1.0,0.1
0.34575,0.7691010802884859,0.6908271305118757,0.01,40.0,1.0,0.0289226319595083,0.01,0.339117859725235,0.0112003264389932,0.9710144927536232,0.339117859725235,0.5026795284030011,0.487189800974952,0.0053496369889186,0.7688202257280461,0.690996301301153,0.0249326163369987,0.77343422546446,0.6980460467445093,4000,0.0003986822050064,TraceLog,trial_0044_c4d23caf,11,8,97.66850772313774,3730.234375,2668.736328125,8570625,cuda,normal_train_scores,auc_ap_mean,validation,2000,4000,seeded_stratified,hyperparameter_screening_validation_only,tracelog_core_grid,44,trial_0044_c4d23caf,0.0001,1.0,0.5
0.34575,0.7980719258444494,0.6976981352952394,0.01,40.0,0.95,0.0274765003615329,0.01,0.2161966738973246,0.0011748899181839,0.9294871794871796,0.2096890817064353,0.3421828908554572,0.3569819324011729,0.0084065724111578,0.7980733073228579,0.6976677488092972,0.000410882827773,0.2364854802474835,0.2700155407972384,4000,0.0007143184849992,TraceLog,trial_0045_3c44a246,11,8,106.40570674650372,3729.7734375,2668.736328125,8570625,cuda,normal_train_scores,auc_ap_mean,validation,2000,4000,seeded_stratified,hyperparameter_screening_validation_only,tracelog_core_grid,45,trial_0045_3c44a246,0.0001,2.0,0.0
0.34575,0.8008970491897491,0.7221848795574566,0.01,40.0,0.95,0.0274765003615329,0.01,0.2834417932031814,0.0014501065202057,0.9437652811735942,0.2791033984092552,0.4308035714285714,0.4243393170907105,0.0087886893389377,0.7976333064497635,0.7137008931070199,0.0007936170488028,0.5822568162835413,0.5917195960070498,4000,0.0004355749739333,TraceLog,trial_0046_fa2e8b28,11,7,94.4641514569521,3729.7734375,2668.736328125,8570625,cuda,normal_train_scores,auc_ap_mean,validation,2000,4000,seeded_stratified,hyperparameter_screening_validation_only,tracelog_core_grid,46,trial_0046_fa2e8b28,0.0001,2.0,0.001
0.34575,0.8048221056438642,0.744719108585748,0.01,40.0,0.95,0.0274765003615329,0.01,0.3246565437454808,0.0037341730203479,0.9553191489361702,0.3246565437454808,0.4846195358877496,0.467661474823775,0.0080244554833779,0.8076546889725696,0.7429781049752798,0.0026074925045613,0.5278988183109989,0.5586019032337946,4000,0.0008763412637636,TraceLog,trial_0047_53cd98fd,11,5,68.71799839474261,3729.7734375,2668.736328125,8570625,cuda,normal_train_scores,auc_ap_mean,validation,2000,4000,seeded_stratified,hyperparameter_screening_validation_only,tracelog_core_grid,47,trial_0047_53cd98fd,0.0001,2.0,0.01
0.34575,0.7747616880671487,0.7098291371363744,0.01,40.0,1.0,0.0289226319595083,0.01,0.3398409255242227,0.0066734426654875,0.9571428571428572,0.339117859725235,0.5008008542445275,0.4802992210768692,0.0080244554833779,0.7755608733264424,0.711637997785889,0.0127289616443886,0.7397416248562225,0.6737057974838079,4000,0.0004775195573456,TraceLog,trial_0048_e3f31bba,11,7,96.38969687186182,3730.234375,2668.736328125,8570625,cuda,normal_train_scores,auc_ap_mean,validation,2000,4000,seeded_stratified,hyperparameter_screening_validation_only,tracelog_core_grid,48,trial_0048_e3f31bba,0.0001,2.0,0.1
0.34575,0.7755296519144113,0.7034685406541417,0.01,40.0,1.0,0.0289226319595083,0.01,0.3405639913232104,0.0145942280068993,0.9363817097415508,0.3405639913232104,0.4994697773064687,0.4709773002775524,0.0122277416889568,0.7730142560282882,0.7020401581459891,0.0247472894998936,0.7785325715308797,0.7000383468145082,4000,0.0006767255552113,TraceLog,trial_0049_965c7815,11,8,109.59790058620274,3729.8984375,2668.736328125,8570625,cuda,normal_train_scores,auc_ap_mean,validation,2000,4000,seeded_stratified,hyperparameter_screening_validation_only,tracelog_core_grid,49,trial_0049_965c7815,0.0001,2.0,0.5
0.34575,0.808780732023305,0.7035686767073233,0.01,40.0,0.95,0.0274765003615329,0.01,0.1937816341287057,0.0014688054367434,0.8947368421052632,0.1966738973246565,0.3224659158269117,0.3310394761397458,0.0122277416889568,0.8087807320233049,0.7035619156530186,0.0004500706026738,0.2315444845717872,0.2588990121930509,4000,0.0007402029940858,TraceLog,trial_0050_8485be04,11,6,81.82973898015916,3729.8984375,2668.736328125,8570625,cuda,normal_train_scores,auc_ap_mean,validation,2000,4000,seeded_stratified,hyperparameter_screening_validation_only,tracelog_core_grid,50,trial_0050_8485be04,0.0003,0.0,0.0
0.34575,0.8333294651937896,0.7693187995086893,0.01,40.0,1.0,0.0289226319595083,0.01,0.3376717281272596,0.0013208327896427,0.9528688524590164,0.3362255965292842,0.4970603955104222,0.4758317491187397,0.0087886893389377,0.8341350052537625,0.7654808772387822,0.0010847088570371,0.5380615260749905,0.584586575632404,4000,0.0009763806150294,TraceLog,trial_0051_4d94b8ba,11,6,84.31672463193536,3730.5625,2668.736328125,8570625,cuda,normal_train_scores,auc_ap_mean,validation,2000,4000,seeded_stratified,hyperparameter_screening_validation_only,tracelog_core_grid,51,trial_0051_4d94b8ba,0.0003,0.0,0.001
0.34575,0.8319649789697543,0.7647428070076308,0.01,40.0,1.0,0.0289226319595083,0.01,0.3246565437454808,0.0021949895401485,0.951271186440678,0.3246565437454808,0.4840970350404313,0.4656751833310772,0.0087886893389377,0.8315923942429926,0.7637389678291397,0.0037658919231907,0.5313616320896436,0.5694838029310105,4000,0.0009735812223516,TraceLog,trial_0052_452099d1,11,5,74.98252636007965,3715.21484375,2668.736328125,8570625,cuda,normal_train_scores,auc_ap_mean,validation,2000,4000,seeded_stratified,hyperparameter_screening_validation_only,tracelog_core_grid,52,trial_0052_452099d1,0.0003,0.0,0.01
0.34575,0.7945646284610524,0.7090449316886229,0.01,40.0,1.0,0.0289226319595083,0.01,0.3383947939262473,0.0095069222245365,0.9590163934426228,0.3383947939262473,0.5002672367717798,0.4806499081450337,0.007642338555598,0.7951619797248703,0.709852864502592,0.0129734679131361,0.7825956376780001,0.7012944613042753,4000,0.0009196561300195,TraceLog,trial_0053_0e77f042,11,6,91.36145700886846,3715.19921875,2668.736328125,8570625,cuda,normal_train_scores,auc_ap_mean,validation,2000,4000,seeded_stratified,hyperparameter_screening_validation_only,tracelog_core_grid,53,trial_0053_0e77f042,0.0003,0.0,0.1
0.34575,0.7782568284405512,0.6936591434771623,0.01,40.0,1.0,0.0289226319595083,0.01,0.3383947939262473,0.0217771666310727,0.9658119658119658,0.3268257411424439,0.4883846569421934,0.4745639146876388,0.0061138708444784,0.7776493923843517,0.6936383291331387,0.0291138621683931,0.781027245240876,0.6912012410126844,4000,0.0013518394520506,TraceLog,trial_0054_7d4cf6ea,11,6,89.16834085807204,3714.72265625,2668.736328125,8570625,cuda,normal_train_scores,auc_ap_mean,validation,2000,4000,seeded_stratified,hyperparameter_screening_validation_only,tracelog_core_grid,54,trial_0054_7d4cf6ea,0.0003,0.0,0.5
0.34575,0.8098415692931611,0.7145375185353378,0.01,40.0,0.95,0.0274765003615329,0.01,0.2111352133044107,0.0010523822170216,0.9407894736842104,0.2067968185104844,0.3390634262003557,0.3588092474047342,0.0068781047000382,0.8098419837366836,0.7145047668176809,0.0003373012721858,0.2471616835358995,0.2761014345854056,4000,0.0004855590136721,TraceLog,trial_0055_27ac112f,11,7,103.28642968833448,3714.72265625,2668.736328125,8570625,cuda,normal_train_scores,auc_ap_mean,validation,2000,4000,seeded_stratified,hyperparameter_screening_validation_only,tracelog_core_grid,55,trial_0055_27ac112f,0.0003,0.25,0.0
0.34575,0.813522932956024,0.737892018032804,0.01,40.0,0.95,0.0274765003615329,0.01,0.2342733188720173,0.0015978371549863,0.9222222222222224,0.240057845263919,0.3809523809523809,0.3811763822276159,0.0106992739778372,0.8129661971574148,0.7339714252439854,0.0007926226867421,0.54001783764921,0.5844222056933315,4000,0.0009635228957049,TraceLog,trial_0056_dacc1db4,11,5,73.54376636818051,3715.234375,2668.736328125,8570625,cuda,normal_train_scores,auc_ap_mean,validation,2000,4000,seeded_stratified,hyperparameter_screening_validation_only,tracelog_core_grid,56,trial_0056_dacc1db4,0.0003,0.25,0.001
0.34575,0.8114753056590052,0.7590737481094681,0.01,40.0,1.0,0.0289226319595083,0.01,0.274765003615329,0.0008684692147653,0.9570707070707072,0.2740419378163413,0.4260820685778527,0.4260605743863795,0.0064959877722583,0.81341448690096,0.7617799138214876,0.0011077880120246,0.6745783935119143,0.6330732676216262,4000,0.0004921306399628,TraceLog,trial_0057_c74c1650,11,7,104.39969112724066,3715.28125,2668.736328125,8570625,cuda,normal_train_scores,auc_ap_mean,validation,2000,4000,seeded_stratified,hyperparameter_screening_validation_only,tracelog_core_grid,57,trial_0057_c74c1650,0.0003,0.25,0.01
0.34575,0.7934981271297217,0.7157901209167036,0.01,40.0,1.0,0.0289226319595083,0.01,0.3383947939262473,0.0088579915463924,0.9551020408163264,0.3383947939262473,0.4997330485851575,0.478695992513529,0.0084065724111578,0.7935736939986644,0.7159519488835668,0.0076666967962082,0.7607557073708228,0.6837936861377785,4000,0.0008983629257418,TraceLog,trial_0058_7592f3e6,11,6,91.0371400117874,3730.03515625,2668.736328125,8570625,cuda,normal_train_scores,auc_ap_mean,validation,2000,4000,seeded_stratified,hyperparameter_screening_validation_only,tracelog_core_grid,58,trial_0058_7592f3e6,0.0003,0.25,0.1
0.34575,0.7610903014413517,0.6673762142460151,0.01,40.0,1.0,0.0289226319595083,0.01,0.2856109906001446,0.0113541129976511,0.914351851851852,0.2856109906001446,0.4352617079889807,0.4159917907741167,0.0141383263278563,0.7631952600923215,0.6760718114684469,0.0197704227828653,0.675559657625443,0.6231776600902791,4000,0.0009381847991608,TraceLog,trial_0059_1ccc5ec4,11,5,73.75507032498717,3714.84765625,2668.736328125,8570625,cuda,normal_train_scores,auc_ap_mean,validation,2000,4000,seeded_stratified,hyperparameter_screening_validation_only,tracelog_core_grid,59,trial_0059_1ccc5ec4,0.0003,0.25,0.5
0.34575,0.7809511257805699,0.701412653694466,0.01,40.0,0.95,0.0274765003615329,0.01,0.2017353579175705,0.0007588633720297,0.9117647058823528,0.2465654374548083,0.3881616391576551,0.3822052569060009,0.0126098586167367,0.7809511257805699,0.7013726660167854,0.0002891901035991,0.2545654407703566,0.2903137263656402,4000,0.0009641409465111,TraceLog,trial_0060_a76564d1,11,8,116.6461031474173,3714.87109375,2668.736328125,8570625,cuda,normal_train_scores,auc_ap_mean,validation,2000,4000,seeded_stratified,hyperparameter_screening_validation_only,tracelog_core_grid,60,trial_0060_a76564d1,0.0003,0.5,0.0
0.34575,0.8046400267896293,0.7293322623775189,0.01,40.0,0.95,0.0274765003615329,0.01,0.3246565437454808,0.0022433429048396,0.951271186440678,0.3246565437454808,0.4840970350404313,0.4656751833310772,0.0087886893389377,0.8041808233666574,0.7273977370208087,0.0009361893351524,0.599551406331205,0.6059154459857452,4000,0.0009378732708282,TraceLog,trial_0061_4604ace5,11,5,75.3679100126028,3730.30859375,2668.736328125,8570625,cuda,normal_train_scores,auc_ap_mean,validation,2000,4000,seeded_stratified,hyperparameter_screening_validation_only,tracelog_core_grid,61,trial_0061_4604ace5,0.0003,0.5,0.001
0.34575,0.8264108831763837,0.756395045707607,0.01,40.0,1.0,0.0289226319595083,0.01,0.3246565437454808,0.0029224796500056,0.9553191489361702,0.3246565437454808,0.4846195358877496,0.467661474823775,0.0080244554833779,0.8259790330258991,0.7537303367073205,0.0022500233642495,0.5603381417070817,0.5804450983454528,4000,0.0009829356046393,TraceLog,trial_0062_dd125896,11,4,59.34171222709119,3730.8359375,2668.736328125,8570625,cuda,normal_train_scores,auc_ap_mean,validation,2000,4000,seeded_stratified,hyperparameter_screening_validation_only,tracelog_core_grid,62,trial_0062_dd125896,0.0003,0.5,0.01
0.34575,0.7840437033457472,0.7002137558981223,0.01,40.0,1.0,0.0289226319595083,0.01,0.3383947939262473,0.0098852412868291,0.9501133786848072,0.3029645697758496,0.4594298245614035,0.4473016303698883,0.0084065724111578,0.7860864954683364,0.7026953779595985,0.0088453464953781,0.7562712903091224,0.6746108261110314,4000,0.0009680004441179,TraceLog,trial_0063_128adf2f,11,6,86.80118334665895,3730.8203125,2668.736328125,8570625,cuda,normal_train_scores,auc_ap_mean,validation,2000,4000,seeded_stratified,hyperparameter_screening_validation_only,tracelog_core_grid,63,trial_0063_128adf2f,0.0003,0.5,0.1
0.34575,0.7652680302963741,0.6984769074605748,0.01,40.0,1.0,0.0289226319595083,0.01,0.3369486623282718,0.0071854855306446,0.9547325102880658,0.3355025307302964,0.4965222043873729,0.4761777691634686,0.0084065724111578,0.7644454980519773,0.7026446226258894,0.0190584925095754,0.7455848640804839,0.6804002263794482,4000,0.000439790170174,TraceLog,trial_0064_be595d67,11,7,99.54967952333392,3730.8515625,2668.736328125,8570625,cuda,normal_train_scores,auc_ap_mean,validation,2000,4000,seeded_stratified,hyperparameter_screening_validation_only,tracelog_core_grid,64,trial_0064_be595d67,0.0003,0.5,0.5
0.34575,0.8054026028710989,0.7288152963298494,0.01,40.0,0.95,0.0274765003615329,0.01,0.2472885032537961,0.000896100855316,0.9318801089918256,0.2472885032537961,0.3908571428571428,0.3916890263562358,0.0095529231944975,0.8054027410189397,0.7288037605135125,0.0003267053249728,0.2444168240861313,0.2778481753115901,4000,0.0004397038682363,TraceLog,trial_0065_73c5f199,11,8,106.44064430519938,3730.8515625,2668.736328125,8570625,cuda,normal_train_scores,auc_ap_mean,validation,2000,4000,seeded_stratified,hyperparameter_screening_validation_only,tracelog_core_grid,65,trial_0065_73c5f199,0.0003,1.0,0.0
0.34575,0.8153710747708611,0.7446180908565603,0.01,40.0,0.95,0.0274765003615329,0.01,0.2451193058568329,0.0005899943067925,0.9338842975206612,0.2451193058568329,0.3883161512027491,0.39066563340885,0.0091708062667176,0.8140426451332864,0.7435323595884399,0.0003664884592417,0.619288588352866,0.6153786786920437,4000,0.0005461559724062,TraceLog,trial_0066_f9cd56df,11,8,99.81479525752366,3730.87109375,2668.736328125,8570625,cuda,normal_train_scores,auc_ap_mean,validation,2000,4000,seeded_stratified,hyperparameter_screening_validation_only,tracelog_core_grid,66,trial_0066_f9cd56df,0.0003,1.0,0.001
0.34575,0.8279515078974976,0.7553639446650628,0.01,40.0,0.95,0.0274765003615329,0.01,0.3275488069414317,0.001962254687678,0.9400826446280992,0.3289949385394071,0.4874129619710766,0.4636335685918852,0.0110813909056171,0.8284270127656893,0.7543712955074254,0.0018582207804283,0.5609955872816677,0.5872428060104716,4000,0.0005110303005203,TraceLog,trial_0067_f5c71ef2,11,4,46.9048759303987,3731.37109375,2668.736328125,8570625,cuda,normal_train_scores,auc_ap_mean,validation,2000,4000,seeded_stratified,hyperparameter_screening_validation_only,tracelog_core_grid,67,trial_0067_f5c71ef2,0.0003,1.0,0.01
0.34575,0.8023583770502175,0.717737599112435,0.01,40.0,1.0,0.0289226319595083,0.01,0.339117859725235,0.0047180481581017,0.9610655737704918,0.339117859725235,0.501336183858899,0.4822559611537984,0.0072602216278181,0.7969040239979377,0.7110969964043607,0.0063830619727377,0.8117452465400182,0.7212611427596518,4000,0.0004765198258683,TraceLog,trial_0068_ca1bb6e5,11,8,97.11834759451447,3731.375,2668.736328125,8570625,cuda,normal_train_scores,auc_ap_mean,validation,2000,4000,seeded_stratified,hyperparameter_screening_validation_only,tracelog_core_grid,68,trial_0068_ca1bb6e5,0.0003,1.0,0.1
0.34575,0.7558753585972579,0.6922041273284153,0.01,40.0,1.0,0.0289226319595083,0.01,0.3261026753434562,0.0077681657345965,0.951271186440678,0.3246565437454808,0.4840970350404313,0.4656751833310772,0.0087886893389377,0.7532980724784357,0.690359401173604,0.0160689088749932,0.7438527664519573,0.6763152377407574,4000,0.000476451206021,TraceLog,trial_0069_8b11d371,11,7,82.83677202649415,3731.375,2668.736328125,8570625,cuda,normal_train_scores,auc_ap_mean,validation,2000,4000,seeded_stratified,hyperparameter_screening_validation_only,tracelog_core_grid,69,trial_0069_8b11d371,0.0003,1.0,0.5
0.34575,0.8118023015982876,0.7238973847733212,0.01,40.0,0.95,0.0274765003615329,0.01,0.2089660159074475,0.001393260913901,0.9230769230769232,0.2082429501084598,0.3398230088495575,0.3530617679831197,0.0091708062667176,0.8118016108590834,0.7238960993788963,0.000503701686448,0.2210395846060203,0.2642998548995878,4000,0.0004607955487444,TraceLog,trial_0070_5991cce8,11,6,73.13218900188804,3715.703125,2668.736328125,8570625,cuda,normal_train_scores,auc_ap_mean,validation,2000,4000,seeded_stratified,hyperparameter_screening_validation_only,tracelog_core_grid,70,trial_0070_5991cce8,0.0003,2.0,0.0
0.34575,0.8065094433719566,0.740822798116848,0.01,40.0,0.95,0.0274765003615329,0.01,0.3485177151120752,0.0009207491506822,0.9486166007905138,0.3470715835140998,0.5082053996823717,0.4823719797680618,0.0099350401222774,0.8059174798739317,0.7361396503555686,0.000634752038768,0.5261363281574862,0.5735056636948178,4000,0.0004806176479905,TraceLog,trial_0071_501f993a,11,7,87.03252214752138,3731.140625,2668.736328125,8570625,cuda,normal_train_scores,auc_ap_mean,validation,2000,4000,seeded_stratified,hyperparameter_screening_validation_only,tracelog_core_grid,71,trial_0071_501f993a,0.0003,2.0,0.001
0.34575,0.8356153975162676,0.7626531589894946,0.01,40.0,1.0,0.0289226319595083,0.01,0.2581344902386117,0.0019858412304893,0.9298701298701298,0.2588575560375994,0.4049773755656108,0.4007978904301426,0.0103171570500573,0.8355399687951657,0.757231176019645,0.0017096706033989,0.5832307585615052,0.6026636214718765,4000,0.0004661628180183,TraceLog,trial_0072_03b6e441,11,4,45.44372164458037,3731.14453125,2668.736328125,8570625,cuda,normal_train_scores,auc_ap_mean,validation,2000,4000,seeded_stratified,hyperparameter_screening_validation_only,tracelog_core_grid,72,trial_0072_03b6e441,0.0003,2.0,0.01
0.34575,0.768704595985258,0.677809964177382,0.01,40.0,1.0,0.0289226319595083,0.01,0.1981200289226319,0.00739279915113,0.9075907590759076,0.1988430947216196,0.3262158956109134,0.33818697032823,0.0106992739778372,0.7600644155752297,0.6681066888335546,0.0046257501890941,0.617834029736599,0.5609139191738421,4000,0.0005403057020157,TraceLog,trial_0073_99208e76,11,5,60.810937006026506,3715.75390625,2668.736328125,8570625,cuda,normal_train_scores,auc_ap_mean,validation,2000,4000,seeded_stratified,hyperparameter_screening_validation_only,tracelog_core_grid,73,trial_0073_99208e76,0.0003,2.0,0.1
0.34575,0.7719296573298067,0.6866712600773123,0.01,40.0,1.0,0.0289226319595083,0.01,0.3297180043383948,0.0248291164822876,0.95,0.3297180043383948,0.4895330112721417,0.4691513668738032,0.0091708062667176,0.7725151278793119,0.6872865418206974,0.0266073039623443,0.7531126780760206,0.6735613943437211,4000,0.0005435722456313,TraceLog,trial_0074_a2d3842c,11,6,77.73429362848401,3731.00390625,2668.736328125,8570625,cuda,normal_train_scores,auc_ap_mean,validation,2000,4000,seeded_stratified,hyperparameter_screening_validation_only,tracelog_core_grid,74,trial_0074_a2d3842c,0.0003,2.0,0.5
0.34575,0.8361819418115768,0.7409466946755885,0.01,40.0,0.95,0.0274765003615329,0.01,0.2595806218365871,0.0017002411826979,0.9276485788113696,0.2595806218365871,0.4056497175141243,0.4004200708892531,0.0106992739778372,0.8361833232899852,0.7409400333225346,0.0007226936246006,0.2716570916398176,0.2523553124594676,4000,0.0009639454609714,TraceLog,trial_0075_77204a94,11,4,50.46173711679876,3715.82421875,2668.736328125,8570625,cuda,normal_train_scores,auc_ap_mean,validation,2000,4000,seeded_stratified,hyperparameter_screening_validation_only,tracelog_core_grid,75,trial_0075_77204a94,0.001,0.0,0.0
0.34575,0.8404132720288475,0.7666617920992895,0.01,40.0,0.95,0.0274765003615329,0.01,0.3600867678958785,0.0022516451915726,0.9552845528455284,0.3398409255242227,0.5013333333333333,0.4799523567936841,0.0084065724111578,0.8394114238870325,0.7636014572647289,0.0009990572373098,0.5685015739183508,0.6012289186603389,4000,0.0013079866049811,TraceLog,trial_0076_19e75279,11,4,53.59381519630551,3731.41796875,2668.736328125,8570625,cuda,normal_train_scores,auc_ap_mean,validation,2000,4000,seeded_stratified,hyperparameter_screening_validation_only,tracelog_core_grid,76,trial_0076_19e75279,0.001,0.0,0.001
0.34575,0.8301005357096973,0.7799465747068309,0.01,40.0,1.0,0.0289226319595083,0.01,0.3383947939262473,0.0018936201708856,0.9586776859504132,0.3355025307302964,0.4970540974825924,0.4781393936450804,0.007642338555598,0.8327062802837335,0.7799604450163827,0.001860124387058,0.6274413831803898,0.6100897001465643,4000,0.0009327166299335,TraceLog,trial_0077_1543e551,11,5,68.69447067193687,3715.85546875,2668.736328125,8570625,cuda,normal_train_scores,auc_ap_mean,validation,2000,4000,seeded_stratified,hyperparameter_screening_validation_only,tracelog_core_grid,77,trial_0077_1543e551,0.001,0.0,0.01
0.34575,0.7918790344350071,0.7058772561097584,0.01,40.0,1.0,0.0289226319595083,0.01,0.3383947939262473,0.0159480850771069,0.9570552147239264,0.3383947939262473,0.5,0.4796717650634347,0.0080244554833779,0.7914444213277056,0.7055368359400156,0.0136558241090824,0.7960979313466016,0.7083209700106545,4000,0.0007219986040145,TraceLog,trial_0078_47b3b9cd,11,6,82.64687389321625,3715.91796875,2668.736328125,8570625,cuda,normal_train_scores,auc_ap_mean,validation,2000,4000,seeded_stratified,hyperparameter_screening_validation_only,tracelog_core_grid,78,trial_0078_47b3b9cd,0.001,0.0,0.1
0.34575,0.7831172839250343,0.6868243327972687,0.01,40.0,1.0,0.0289226319595083,0.01,0.3297180043383948,0.0192129574716091,0.957983193277311,0.3297180043383948,0.4905863367401828,0.4730961767330265,0.007642338555598,0.7828210949542607,0.6874742800357665,0.0266294468043197,0.7831961663421574,0.6831780053207981,4000,0.000688402749598,TraceLog,trial_0079_3981e57c,11,6,79.82360577583313,3715.90234375,2668.736328125,8570625,cuda,normal_train_scores,auc_ap_mean,validation,2000,4000,seeded_stratified,hyperparameter_screening_validation_only,tracelog_core_grid,79,trial_0079_3981e57c,0.001,0.0,0.5
0.34575,0.8135501480806706,0.7320861674420754,0.01,40.0,0.95,0.0274765003615329,0.01,0.2776572668112798,0.0013624181936029,0.9338624338624338,0.2552422270426608,0.4009085746734809,0.3994653169386513,0.0095529231944975,0.8135454510540817,0.7320766496762917,0.0006639586173187,0.300194014827684,0.2855277336989761,4000,0.0005162815609946,TraceLog,trial_0080_d9672b94,11,4,56.474137825891376,3715.91015625,2668.736328125,8570625,cuda,normal_train_scores,auc_ap_mean,validation,2000,4000,seeded_stratified,hyperparameter_screening_validation_only,tracelog_core_grid,80,trial_0080_d9672b94,0.001,0.25,0.0
0.34575,0.8324132687132992,0.7565484542513837,0.01,40.0,0.95,0.0274765003615329,0.01,0.2791033984092552,0.0012627524044364,0.9317647058823528,0.2863340563991323,0.4380530973451327,0.4248268883968068,0.0110813909056171,0.8292140410149887,0.7499427225634787,0.0007879376737109,0.6758396832988378,0.6376680267211409,4000,0.000739418497309,TraceLog,trial_0081_91f95d29,11,4,56.7962870169431,3715.921875,2668.736328125,8570625,cuda,normal_train_scores,auc_ap_mean,validation,2000,4000,seeded_stratified,hyperparameter_screening_validation_only,tracelog_core_grid,81,trial_0081_91f95d29,0.001,0.25,0.001
0.34575,0.830500611856787,0.7608165941229669,0.01,40.0,1.0,0.0289226319595083,0.01,0.3398409255242227,0.0017933524213731,0.9591836734693876,0.3398409255242227,0.5018686599038975,0.4819024496402094,0.007642338555598,0.8315176562610951,0.7622913158391886,0.0017469278578428,0.5447988581252068,0.5693767233268284,4000,0.0009644443956203,TraceLog,trial_0082_991e66e7,11,5,73.52278481796384,3715.890625,2668.736328125,8570625,cuda,normal_train_scores,auc_ap_mean,validation,2000,4000,seeded_stratified,hyperparameter_screening_validation_only,tracelog_core_grid,82,trial_0082_991e66e7,0.001,0.25,0.01
0.34575,0.7870721803127723,0.6968026345563132,0.01,40.0,1.0,0.0289226319595083,0.01,0.3036876355748373,0.0080107233673334,0.9521640091116174,0.3022415039768619,0.4588364434687157,0.4476746872269369,0.0080244554833779,0.7881229327902466,0.6997745407750311,0.0037069130984746,0.7331322177066297,0.6232889784321505,4000,0.0009098889776505,TraceLog,trial_0083_d3dbd6bb,11,6,82.61711481586099,3715.890625,2668.736328125,8570625,cuda,normal_train_scores,auc_ap_mean,validation,2000,4000,seeded_stratified,hyperparameter_screening_validation_only,tracelog_core_grid,83,trial_0083_d3dbd6bb,0.001,0.25,0.1
0.34575,0.7798397264009641,0.69600407908566,0.01,40.0,1.0,0.0289226319595083,0.01,0.3224873463485177,0.0304785501211881,0.8446969696969697,0.3224873463485177,0.4667713239141811,0.4090991077473253,0.0313335880779518,0.7801632686442252,0.6982637085888563,0.0243751115369377,0.7651311257860958,0.6538785295529471,4000,0.0009450528537854,TraceLog,trial_0084_8d54592c,11,4,54.24223593994975,3716.015625,2668.736328125,8570625,cuda,normal_train_scores,auc_ap_mean,validation,2000,4000,seeded_stratified,hyperparameter_screening_validation_only,tracelog_core_grid,84,trial_0084_8d54592c,0.001,0.25,0.5
0.34575,0.8315969531217404,0.7467238138457957,0.01,40.0,0.95,0.0274765003615329,0.01,0.2219812002892263,0.0009424630802823,0.9166666666666666,0.2465654374548083,0.3886039886039886,0.3843771764057349,0.0118456247611769,0.8315969531217406,0.7467215275371696,0.000507039904056,0.3989226126188106,0.3102917387035954,4000,0.0006315212827175,TraceLog,trial_0085_fa5cdf45,11,5,69.36310927011073,3716.09375,2668.736328125,8570625,cuda,normal_train_scores,auc_ap_mean,validation,2000,4000,seeded_stratified,hyperparameter_screening_validation_only,tracelog_core_grid,85,trial_0085_fa5cdf45,0.001,0.5,0.0
0.34575,0.8366059175351331,0.7578530084954953,0.01,40.0,0.95,0.0274765003615329,0.01,0.274765003615329,0.0011492759315297,0.924574209245742,0.274765003615329,0.4236343366778149,0.4118394155049132,0.0118456247611769,0.8323704428826371,0.7493546519450327,0.0007722895582046,0.5776415732165597,0.6090315357148723,4000,0.0007521522291935,TraceLog,trial_0086_e537638c,11,4,59.258769638836384,3716.09375,2668.736328125,8570625,cuda,normal_train_scores,auc_ap_mean,validation,2000,4000,seeded_stratified,hyperparameter_screening_validation_only,tracelog_core_grid,86,trial_0086_e537638c,0.001,0.5,0.001
0.34575,0.8152070932837769,0.737941661952336,0.01,40.0,0.95,0.0274765003615329,0.01,0.2328271872740419,0.0014378501055762,0.9180790960451978,0.234996384671005,0.3742084052964882,0.3749610562666909,0.0110813909056171,0.8140742809888402,0.7340596089599831,0.0008652096996738,0.5608944630621684,0.5131625526549854,4000,0.0008885922529734,TraceLog,trial_0087_262b00fe,11,5,71.64829496666789,3716.109375,2668.736328125,8570625,cuda,normal_train_scores,auc_ap_mean,validation,2000,4000,seeded_stratified,hyperparameter_screening_validation_only,tracelog_core_grid,87,trial_0087_262b00fe,0.001,0.5,0.01
0.34575,0.7572549029359456,0.6077747831617191,0.01,40.0,0.95,0.0274765003615329,0.01,0.2024584237165582,0.0076468344777822,0.8115942028985508,0.2024584237165582,0.324074074074074,0.3009217593091906,0.0248376003056935,0.7595873910807885,0.6101918861458021,0.0027200655852066,0.7165268472369466,0.5780498044526993,4000,0.0008901327797211,TraceLog,trial_0088_e722c80d,11,6,87.18067024834454,3731.484375,2668.736328125,8570625,cuda,normal_train_scores,auc_ap_mean,validation,2000,4000,seeded_stratified,hyperparameter_screening_validation_only,tracelog_core_grid,88,trial_0088_e722c80d,0.001,0.5,0.1
0.34575,0.7878022916516431,0.7107294804642701,0.01,40.0,1.0,0.0289226319595083,0.01,0.3383947939262473,0.017557665631175,0.968944099378882,0.3383947939262473,0.5016077170418006,0.4855766044031494,0.0057317539166985,0.7832329136678224,0.7073200541750897,0.0196198734545614,0.7715808340316707,0.7017353880630082,4000,0.0005347066121175,TraceLog,trial_0089_195afec7,11,4,57.1189805790782,3716.109375,2668.736328125,8570625,cuda,normal_train_scores,auc_ap_mean,validation,2000,4000,seeded_stratified,hyperparameter_screening_validation_only,tracelog_core_grid,89,trial_0089_195afec7,0.001,0.5,0.5
0.34575,0.8356415074581874,0.742645230659156,0.01,40.0,0.95,0.0274765003615329,0.01,0.2487346348517715,0.0016502337530255,0.9173333333333332,0.2487346348517715,0.391353811149033,0.3865344665260026,0.0118456247611769,0.8356437178236411,0.7426453442257678,0.0007472601129702,0.2114677351573269,0.2531651399635309,4000,0.0009015094740316,TraceLog,trial_0090_3d7cf88d,11,4,58.729711374267936,3716.109375,2668.736328125,8570625,cuda,normal_train_scores,auc_ap_mean,validation,2000,4000,seeded_stratified,hyperparameter_screening_validation_only,tracelog_core_grid,90,trial_0090_3d7cf88d,0.001,1.0,0.0
0.34575,0.8244331586868329,0.748998686569609,0.01,40.0,0.95,0.0274765003615329,0.01,0.3470715835140998,0.0013275273819454,0.9532520325203252,0.339117859725235,0.5002666666666666,0.478351934117466,0.0087886893389377,0.824687765157512,0.7490795961644573,0.0008758530280611,0.5931030795640386,0.5271099410987149,4000,0.0009637814792804,TraceLog,trial_0091_ab37c868,11,4,54.37328566610813,3716.109375,2668.736328125,8570625,cuda,normal_train_scores,auc_ap_mean,validation,2000,4000,seeded_stratified,hyperparameter_screening_validation_only,tracelog_core_grid,91,trial_0091_ab37c868,0.001,1.0,0.001
0.34575,0.7870032445401901,0.7132820774581886,0.01,40.0,0.95,0.0274765003615329,0.01,0.2089660159074475,0.0021046339534223,0.9059561128526644,0.2089660159074475,0.3396004700352526,0.3467426916932333,0.011463507833397,0.7836675267751239,0.7106207925792458,0.0009951316493679,0.5684087385693023,0.4057298548461347,4000,0.0008163536014035,TraceLog,trial_0092_fa787fef,11,4,58.26392897218466,3731.484375,2668.736328125,8570625,cuda,normal_train_scores,auc_ap_mean,validation,2000,4000,seeded_stratified,hyperparameter_screening_validation_only,tracelog_core_grid,92,trial_0092_fa787fef,0.001,1.0,0.01
0.34575,0.7552929273002513,0.6111265087178844,0.01,40.0,0.95,0.0274765003615329,0.01,0.1634128705712219,0.0071966866962611,0.8625954198473282,0.1634128705712219,0.2747720364741641,0.2876992363381708,0.0137562094000764,0.7570009872044707,0.6138939416594473,0.0017938306963624,0.6979923803176903,0.4965849195465384,4000,0.0009839853020384,TraceLog,trial_0093_afb738f9,11,6,87.35279574804008,3716.109375,2668.736328125,8570625,cuda,normal_train_scores,auc_ap_mean,validation,2000,4000,seeded_stratified,hyperparameter_screening_validation_only,tracelog_core_grid,93,trial_0093_afb738f9,0.001,1.0,0.1
0.34575,0.7673210453591857,0.6421256553629433,0.01,40.0,1.0,0.0289226319595083,0.01,0.2039045553145336,0.0172830708324909,0.831858407079646,0.2039045553145336,0.3275261324041811,0.3110141560520854,0.0217806648834543,0.7688173246233883,0.6466332710980466,0.0154676514314778,0.7653500901138366,0.6417335678679078,4000,0.0008890891019254,TraceLog,trial_0094_19b60806,11,6,79.76006793230772,3731.484375,2668.736328125,8570625,cuda,normal_train_scores,auc_ap_mean,validation,2000,4000,seeded_stratified,hyperparameter_screening_validation_only,tracelog_core_grid,94,trial_0094_19b60806,0.001,1.0,0.5
0.34575,0.8136445030559685,0.72161080265182,0.01,40.0,0.95,0.0274765003615329,0.01,0.2834417932031814,0.0016226486582308,0.937799043062201,0.2834417932031814,0.4353137146029983,0.4252360482627902,0.0099350401222774,0.8136439504646049,0.7215964118520894,0.0007875726127604,0.3442131665391562,0.3086161777119708,4000,0.0008975867633707,TraceLog,trial_0095_4319db5c,11,4,52.029558047652245,3716.109375,2668.736328125,8570625,cuda,normal_train_scores,auc_ap_mean,validation,2000,4000,seeded_stratified,hyperparameter_screening_validation_only,tracelog_core_grid,95,trial_0095_4319db5c,0.001,2.0,0.0
0.34575,0.8063215623084061,0.7176487198807293,0.01,40.0,0.95,0.0274765003615329,0.01,0.2689804772234273,0.0013551346561871,0.9258373205741628,0.279826464208243,0.4297612437534703,0.4166446052719852,0.0118456247611769,0.803423358755299,0.7160169333292083,0.0007992061318436,0.5319669959282305,0.5803727304985447,4000,0.0005613385946489,TraceLog,trial_0096_b57cac5c,11,5,68.13049007765949,3716.125,2668.736328125,8570625,cuda,normal_train_scores,auc_ap_mean,validation,2000,4000,seeded_stratified,hyperparameter_screening_validation_only,tracelog_core_grid,96,trial_0096_b57cac5c,0.001,2.0,0.001
0.34575,0.8159098513501603,0.7561924857473009,0.01,40.0,1.0,0.0289226319595083,0.01,0.3492407809110629,0.0029797379439696,0.9545454545454546,0.3492407809110629,0.5113816834303865,0.4871158367337255,0.0087886893389377,0.8173085982387256,0.7576139966213773,0.0024300061580433,0.5437989440531638,0.5717592099220887,4000,0.0005425229412503,TraceLog,trial_0097_f2a5300c,11,5,65.03815366886556,3731.5,2668.736328125,8570625,cuda,normal_train_scores,auc_ap_mean,validation,2000,4000,seeded_stratified,hyperparameter_screening_validation_only,tracelog_core_grid,97,trial_0097_f2a5300c,0.001,2.0,0.01
0.34575,0.7658557112113327,0.6269766131028615,0.01,40.0,1.0,0.0289226319595083,0.01,0.187997107736804,0.0086179673671722,0.8496732026143791,0.187997107736804,0.3078744819419775,0.3049465069868773,0.0175773786778754,0.7673019809571491,0.6288050981079949,0.0029147963017167,0.7355307405193972,0.601723281032542,4000,0.0005873159985058,TraceLog,trial_0098_b3673bdc,11,6,73.63200047984719,3716.125,2668.736328125,8570625,cuda,normal_train_scores,auc_ap_mean,validation,2000,4000,seeded_stratified,hyperparameter_screening_validation_only,tracelog_core_grid,98,trial_0098_b3673bdc,0.001,2.0,0.1
0.34575,0.742926623326926,0.6524770115321562,0.01,40.0,1.0,0.0289226319595083,0.01,0.2935647143890094,0.0182120323553681,0.9439252336448598,0.292118582791034,0.4461623412479293,0.4353530859452164,0.0091708062667176,0.7407328356142924,0.6510492959359129,0.0068454023905505,0.7013082047936748,0.6332026653589735,4000,0.0004468162897974,TraceLog,trial_0099_a675a3bd,11,5,57.57111771218479,3731.5,2668.736328125,8570625,cuda,normal_train_scores,auc_ap_mean,validation,2000,4000,seeded_stratified,hyperparameter_screening_validation_only,tracelog_core_grid,99,trial_0099_a675a3bd,0.001,2.0,0.5
